mfcc_mean_1,mfcc_mean_2,mfcc_mean_3,mfcc_mean_4,mfcc_mean_5,mfcc_mean_6,mfcc_mean_7,mfcc_mean_8,mfcc_mean_9,mfcc_mean_10,mfcc_mean_11,mfcc_mean_12,mfcc_mean_13,chroma_mean_1,chroma_mean_2,chroma_mean_3,chroma_mean_4,chroma_mean_5,chroma_mean_6,chroma_mean_7,chroma_mean_8,chroma_mean_9,chroma_mean_10,chroma_mean_11,chroma_mean_12,spectral_contrast_mean_1,spectral_contrast_mean_2,spectral_contrast_mean_3,spectral_contrast_mean_4,spectral_contrast_mean_5,spectral_contrast_mean_6,spectral_contrast_mean_7,tempo_1,rms_mean_1,zcr_mean_1
-142.9627227783203,116.62689208984375,4.480031490325928,25.239824295043945,-6.341499328613281,-12.160520553588867,-6.4763078689575195,-11.558754920959473,-10.434072494506836,-12.519713401794434,-8.767928123474121,-9.1025972366333,-14.052287101745605,0.2524029016494751,0.3345136046409607,0.2756672203540802,0.43223485350608826,0.2895581126213074,0.22838564217090607,0.42615532875061035,0.160337895154953,0.167264923453331,0.12934724986553192,0.2987844944000244,0.522469162940979,27.28255262497821,18.34505507475248,22.383941813606295,22.943743037540145,21.551011856124955,22.932451669529847,47.288813193530615,[99.38401442],0.15045219659805298,0.06411434842139176
